bid,p_win,p_win_pct,p_win_pct_mc_se,mean_if_win,conditional_surplus_v1500,unconditional_utility_v1500,utility_v1500_mc_se,relative_utility
75.13,0.0,0.0,0.0,nan,nan,0.0,0.0,0.0
75.38,0.0,0.0,0.0,nan,nan,0.0,0.0,0.0
75.63,0.0,0.0,0.0,nan,nan,0.0,0.0,0.0
75.88,0.0,0.0,0.0,nan,nan,0.0,0.0,0.0
76.13,0.0,0.0,0.0,nan,nan,0.0,0.0,0.0
76.38,0.0,0.0,0.0,nan,nan,0.0,0.0,0.0
76.63,0.0,0.0,0.0,nan,nan,0.0,0.0,0.0
76.88,0.0,0.0,0.0,nan,nan,0.0,0.0,0.0
77.13,0.0,0.0,0.0,nan,nan,0.0,0.0,0.0
77.38,0.0,0.0,0.0,nan,nan,0.0,0.0,0.0
77.63,0.0,0.0,0.0,nan,nan,0.0,0.0,0.0
77.88,0.0,0.0,0.0,nan,nan,0.0,0.0,0.0
78.13,0.0,0.0,0.0,nan,nan,0.0,0.0,0.0
78.38,0.0,0.0,0.0,nan,nan,0.0,0.0,0.0
78.63,0.0,0.0,0.0,nan,nan,0.0,0.0,0.0
78.88,0.0,0.0,0.0,nan,nan,0.0,0.0,0.0
79.13,0.0,0.0,0.0,nan,nan,0.0,0.0,0.0
79.38,0.0,0.0,0.0,nan,nan,0.0,0.0,0.0
79.63,0.0,0.0,0.0,nan,nan,0.0,0.0,0.0
79.88,0.0,0.0,0.0,nan,nan,0.0,0.0,0.0
80.13,0.0,0.0,0.0,nan,nan,0.0,0.0,0.0
80.38,0.0,0.0,0.0,nan,nan,0.0,0.0,0.0
80.63,0.0,0.0,0.0,nan,nan,0.0,0.0,0.0
80.88,0.0,0.0,0.0,nan,nan,0.0,0.0,0.0
81.13,0.0,0.0,0.0,nan,nan,0.0,0.0,0.0
81.38,0.0,0.0,0.0,nan,nan,0.0,0.0,0.0
81.63,0.0,0.0,0.0,nan,nan,0.0,0.0,0.0
81.88,0.0,0.0,0.0,nan,nan,0.0,0.0,0.0
82.13,0.0,0.0,0.0,nan,nan,0.0,0.0,0.0
82.38,0.0,0.0,0.0,nan,nan,0.0,0.0,0.0
82.63,0.0,0.0,0.0,nan,nan,0.0,0.0,0.0
82.88,0.0,0.0,0.0,nan,nan,0.0,0.0,0.0
83.13,0.0,0.0,0.0,nan,nan,0.0,0.0,0.0
83.38,0.0,0.0,0.0,nan,nan,0.0,0.0,0.0
83.63,0.0,0.0,0.0,nan,nan,0.0,0.0,0.0
83.88,0.0,0.0,0.0,nan,nan,0.0,0.0,0.0
84.13,0.0,0.0,0.0,nan,nan,0.0,0.0,0.0
84.38,0.0,0.0,0.0,nan,nan,0.0,0.0,0.0
84.63,0.0,0.0,0.0,nan,nan,0.0,0.0,0.0
84.88,0.0,0.0,0.0,nan,nan,0.0,0.0,0.0
85.13,0.0,0.0,0.0,nan,nan,0.0,0.0,0.0
85.38,0.0,0.0,0.0,nan,nan,0.0,0.0,0.0
85.63,0.0,0.0,0.0,nan,nan,0.0,0.0,0.0
85.88,0.0,0.0,0.0,nan,nan,0.0,0.0,0.0
86.13,0.0,0.0,0.0,nan,nan,0.0,0.0,0.0
86.38,0.0,0.0,0.0,nan,nan,0.0,0.0,0.0
86.63,0.0,0.0,0.0,nan,nan,0.0,0.0,0.0
86.88,0.0,0.0,0.0,nan,nan,0.0,0.0,0.0
87.13,0.0,0.0,0.0,nan,nan,0.0,0.0,0.0
87.38,0.0,0.0,0.0,nan,nan,0.0,0.0,0.0
87.63,0.0,0.0,0.0,nan,nan,0.0,0.0,0.0
87.88,0.0,0.0,0.0,nan,nan,0.0,0.0,0.0
88.13,0.0,0.0,0.0,nan,nan,0.0,0.0,0.0
88.38,0.0,0.0,0.0,nan,nan,0.0,0.0,0.0
88.63,0.0,0.0,0.0,nan,nan,0.0,0.0,0.0
88.88,0.0,0.0,0.0,nan,nan,0.0,0.0,0.0
89.13,0.0,0.0,0.0,nan,nan,5e-324,0.0,0.0
89.38,0.0,0.0,0.0,nan,nan,5e-324,0.0,0.0
89.63,0.0,0.0,0.0,nan,nan,1e-323,0.0,0.0
89.88,0.0,0.0,0.0,nan,nan,1.5e-323,0.0,0.0
90.13,0.0,0.0,0.0,nan,nan,3.36e-322,0.0,4.4e-323
90.38,0.0,0.0,0.0,nan,nan,4.15e-322,0.0,5.4e-323
90.63,0.0,0.0,0.0,nan,nan,5.1e-322,0.0,7e-323
90.88,0.0,0.0,0.0,nan,nan,6.27e-322,0.0,8.4e-323
91.13,0.0,0.0,0.0,nan,nan,1.146e-321,0.0,1.53e-322
91.38,0.0,0.0,0.0,nan,nan,1.344e-321,0.0,1.8e-322
91.63,0.0,0.0,0.0,nan,nan,1.56e-321,0.0,2.08e-322
91.88,0.0,0.0,0.0,nan,nan,1.8e-321,0.0,2.37e-322
92.13,0.0,0.0,0.0,nan,nan,2.747e-321,0.0,3.6e-322
92.38,0.0,0.0,0.0,nan,nan,3.043e-321,0.0,4e-322
92.63,5e-324,4.94e-322,0.0,164.3834261382247,1335.6165738617754,3.36e-321,0.0,4.4e-322
92.88,5e-324,4.94e-322,0.0,164.41490064237257,1335.5850993576273,3.666e-321,0.0,4.84e-322
93.13,5e-324,4.94e-322,0.0,164.52010240849611,1335.479897591504,4.64e-321,0.0,6.1e-322
93.38,5e-324,4.94e-322,0.0,164.54838565223233,1335.4516143477676,4.91e-321,0.0,6.47e-322
93.63,5e-324,4.94e-322,0.0,164.5729264342341,1335.427073565766,5.16e-321,0.0,6.77e-322
93.88,5e-324,4.94e-322,0.0,164.59554360666422,1335.4044563933357,5.4e-321,0.0,7.1e-322
94.13,5e-324,4.94e-322,0.0,164.65709552733296,1335.342904472667,5.973e-321,0.0,7.86e-322
94.38,5e-324,4.94e-322,0.0,164.6715825911369,1335.328417408863,6.097e-321,0.0,8e-322
94.63,5e-324,4.94e-322,0.0,164.68542706452868,1335.3145729354712,6.21e-321,0.0,8.15e-322
94.88,5e-324,4.94e-322,0.0,164.69665271966528,1335.3033472803347,6.31e-321,0.0,8.3e-322
95.13,5e-324,4.94e-322,0.0,164.74045648691938,1335.2595435130806,6.59e-321,0.0,8.65e-322
95.38,5e-324,4.94e-322,0.0,164.74115332021478,1335.2588466797852,6.596e-321,0.0,8.7e-322
95.63,5e-324,4.94e-322,0.0,164.74143852746008,1335.25856147254,6.596e-321,0.0,8.7e-322
95.88,5e-324,4.94e-322,0.0,164.74163971593373,1335.2583602840664,6.596e-321,0.0,8.7e-322
96.13,5e-324,4.94e-322,0.0,164.742,1335.258,6.596e-321,0.0,8.7e-322
96.38,5e-324,4.94e-322,0.0,164.742,1335.258,6.596e-321,0.0,8.7e-322
96.63,5e-324,4.94e-322,0.0,164.74206666666666,1335.2579333333333,6.596e-321,0.0,8.7e-322
96.88,5e-324,4.94e-322,0.0,164.7421,1335.2579,6.596e-321,0.0,8.7e-322
97.13,5e-324,4.94e-322,0.0,164.74213333333333,1335.2578666666666,6.596e-321,0.0,8.7e-322
97.38,5e-324,4.94e-322,0.0,164.74216666666666,1335.2578333333333,6.596e-321,0.0,8.7e-322
97.63,5e-324,4.94e-322,0.0,164.74216666666666,1335.2578333333333,6.596e-321,0.0,8.7e-322
97.88,5e-324,4.94e-322,0.0,164.7422,1335.2578,6.596e-321,0.0,8.7e-322
98.13,5e-324,4.94e-322,0.0,164.74226666666667,1335.2577333333334,6.596e-321,0.0,8.7e-322
98.38,5e-324,4.94e-322,0.0,164.7423,1335.2577,6.596e-321,0.0,8.7e-322
98.63,5e-324,4.94e-322,0.0,164.7423,1335.2577,6.596e-321,0.0,8.7e-322
98.88,5e-324,4.94e-322,0.0,164.7423,1335.2577,6.596e-321,0.0,8.7e-322
99.13,5e-324,4.94e-322,0.0,164.74233333333333,1335.2576666666666,6.596e-321,0.0,8.7e-322
99.38,5e-324,4.94e-322,0.0,164.74236666666667,1335.2576333333334,6.596e-321,0.0,8.7e-322
99.63,5e-324,4.94e-322,0.0,164.74236666666667,1335.2576333333334,6.596e-321,0.0,8.7e-322
99.88,5e-324,4.94e-322,0.0,164.74236666666667,1335.2576333333334,6.596e-321,0.0,8.7e-322
100.13,5e-324,4.94e-322,0.0,164.74236666666667,1335.2576333333334,6.596e-321,0.0,8.7e-322
100.38,5e-324,4.94e-322,0.0,164.74236666666667,1335.2576333333334,6.596e-321,0.0,8.7e-322
100.63,5e-324,4.94e-322,0.0,164.74236666666667,1335.2576333333334,6.596e-321,0.0,8.7e-322
100.88,5e-324,4.94e-322,0.0,164.74236666666667,1335.2576333333334,6.596e-321,0.0,8.7e-322
101.13,5e-324,4.94e-322,0.0,164.74236666666667,1335.2576333333334,6.596e-321,0.0,8.7e-322
101.38,5e-324,4.94e-322,0.0,164.74236666666667,1335.2576333333334,6.596e-321,0.0,8.7e-322
101.63,5e-324,4.94e-322,0.0,164.7424,1335.2576,6.596e-321,0.0,8.7e-322
101.88,5e-324,4.94e-322,0.0,164.74243333333334,1335.2575666666667,6.596e-321,0.0,8.7e-322
102.13,5e-324,4.94e-322,0.0,164.74243333333334,1335.2575666666667,6.596e-321,0.0,8.7e-322
102.38,5e-324,4.94e-322,0.0,164.74246666666667,1335.2575333333334,6.596e-321,0.0,8.7e-322
102.63,5e-324,4.94e-322,0.0,164.74253333333334,1335.2574666666667,6.596e-321,0.0,8.7e-322
102.88,5e-324,4.94e-322,0.0,164.74256666666668,1335.2574333333332,6.596e-321,0.0,8.7e-322
103.13,5e-324,4.94e-322,0.0,164.7426,1335.2574,6.596e-321,0.0,8.7e-322
103.38,5e-324,4.94e-322,0.0,164.7427,1335.2573,6.596e-321,0.0,8.7e-322
103.63,5e-324,4.94e-322,0.0,164.7427,1335.2573,6.596e-321,0.0,8.7e-322
103.88,5e-324,4.94e-322,0.0,164.7427,1335.2573,6.596e-321,0.0,8.7e-322
104.13,5e-324,4.94e-322,0.0,164.74273333333332,1335.2572666666667,6.596e-321,0.0,8.7e-322
104.38,5e-324,4.94e-322,0.0,164.74273333333332,1335.2572666666667,6.596e-321,0.0,8.7e-322
104.63,5e-324,4.94e-322,0.0,164.74273333333332,1335.2572666666667,6.596e-321,0.0,8.7e-322
104.88,5e-324,4.94e-322,0.0,164.743420394276,1335.256579605724,6.59e-321,0.0,8.65e-322
105.13,5e-324,4.94e-322,0.0,164.7496381567875,1335.2503618432124,6.53e-321,0.0,8.6e-322
105.38,5e-324,4.94e-322,0.0,164.76960439251022,1335.2303956074898,6.25e-321,0.0,8.2e-322
105.63,5e-324,4.94e-322,0.0,164.79774024371434,1335.2022597562857,5.7e-321,0.0,7.5e-322
105.88,5e-324,4.94e-322,0.0,164.82734257705556,1335.1726574229444,4.98e-321,0.0,6.57e-322
106.13,5e-324,4.94e-322,0.0,164.85017842149455,1335.1498215785055,4.19e-321,0.0,5.53e-322
106.38,5e-324,4.94e-322,0.0,164.874653069128,1335.125346930872,3.41e-321,0.0,4.5e-322
106.63,0.0,0.0,0.0,nan,nan,2.703e-321,0.0,3.56e-322
106.88,0.0,0.0,0.0,nan,nan,2.105e-321,0.0,2.77e-322
107.13,0.0,0.0,0.0,nan,nan,1.645e-321,0.0,2.17e-322
107.38,0.0,0.0,0.0,nan,nan,1.275e-321,0.0,1.7e-322
107.63,0.0,0.0,0.0,nan,nan,9.9e-322,0.0,1.3e-322
107.88,0.0,0.0,0.0,nan,nan,7.66e-322,0.0,1e-322
108.13,0.0,0.0,0.0,nan,nan,6.1e-322,0.0,8e-323
108.38,0.0,0.0,0.0,nan,nan,4.94e-322,0.0,6.4e-323
108.63,0.0,0.0,0.0,nan,nan,4.05e-322,0.0,5.4e-323
108.88,0.0,0.0,0.0,nan,nan,3.4e-322,0.0,4.4e-323
109.13,0.0,0.0,0.0,nan,nan,3.1e-322,0.0,4e-323
109.38,0.0,0.0,0.0,nan,nan,2.8e-322,0.0,3.5e-323
109.63,0.0,0.0,0.0,nan,nan,2.6e-322,0.0,3.5e-323
109.88,0.0,0.0,0.0,nan,nan,2.5e-322,0.0,3.5e-323
110.13,0.0,0.0,0.0,nan,nan,2.5e-322,0.0,3.5e-323
110.38,0.0,0.0,0.0,nan,nan,2.47e-322,0.0,3.5e-323
110.63,0.0,0.0,0.0,nan,nan,2.47e-322,0.0,3.5e-323
110.88,0.0,0.0,0.0,nan,nan,2.47e-322,0.0,3.5e-323
111.13,0.0,0.0,0.0,nan,nan,2.47e-322,0.0,3.5e-323
111.38,0.0,0.0,0.0,nan,nan,2.5e-322,0.0,3.5e-323
111.63,0.0,0.0,0.0,nan,nan,2.5e-322,0.0,3.5e-323
111.88,0.0,0.0,0.0,nan,nan,2.5e-322,0.0,3.5e-323
112.13,0.0,0.0,0.0,nan,nan,2.5e-322,0.0,3.5e-323
112.38,0.0,0.0,0.0,nan,nan,2.57e-322,0.0,3.5e-323
112.63,0.0,0.0,0.0,nan,nan,2.5e-322,0.0,3.5e-323
112.88,0.0,0.0,0.0,nan,nan,2.57e-322,0.0,3.5e-323
113.13,0.0,0.0,0.0,nan,nan,2.57e-322,0.0,3.5e-323
113.38,0.0,0.0,0.0,nan,nan,2.6e-322,0.0,3.5e-323
113.63,0.0,0.0,0.0,nan,nan,2.6e-322,0.0,3.5e-323
113.88,0.0,0.0,0.0,nan,nan,2.6e-322,0.0,3.5e-323
114.13,0.0,0.0,0.0,nan,nan,2.67e-322,0.0,3.5e-323
114.38,0.0,0.0,0.0,nan,nan,2.67e-322,0.0,3.5e-323
114.63,0.0,0.0,0.0,nan,nan,2.67e-322,0.0,3.5e-323
114.88,0.0,0.0,0.0,nan,nan,2.67e-322,0.0,3.5e-323
115.13,0.0,0.0,0.0,nan,nan,2.77e-322,0.0,3.5e-323
115.38,0.0,0.0,0.0,nan,nan,2.77e-322,0.0,3.5e-323
115.63,0.0,0.0,0.0,nan,nan,2.77e-322,0.0,3.5e-323
115.88,0.0,0.0,0.0,nan,nan,2.77e-322,0.0,3.5e-323
116.13,0.0,0.0,0.0,nan,nan,2.8e-322,0.0,3.5e-323
116.38,0.0,0.0,0.0,nan,nan,2.8e-322,0.0,3.5e-323
116.63,0.0,0.0,0.0,nan,nan,2.8e-322,0.0,3.5e-323
116.88,0.0,0.0,0.0,nan,nan,2.8e-322,0.0,3.5e-323
117.13,0.0,0.0,0.0,nan,nan,2.8e-322,0.0,3.5e-323
117.38,0.0,0.0,0.0,nan,nan,2.87e-322,0.0,4e-323
117.63,0.0,0.0,0.0,nan,nan,2.87e-322,0.0,4e-323
117.88,0.0,0.0,0.0,nan,nan,2.87e-322,0.0,4e-323
118.13,0.0,0.0,0.0,nan,nan,2.87e-322,0.0,4e-323
118.38,0.0,0.0,0.0,nan,nan,2.87e-322,0.0,4e-323
118.63,0.0,0.0,0.0,nan,nan,2.87e-322,0.0,4e-323
118.88,0.0,0.0,0.0,nan,nan,2.87e-322,0.0,4e-323
119.13,0.0,0.0,0.0,nan,nan,2.9e-322,0.0,4e-323
119.38,0.0,0.0,0.0,nan,nan,2.96e-322,0.0,4e-323
119.63,0.0,0.0,0.0,nan,nan,2.96e-322,0.0,4e-323
119.88,0.0,0.0,0.0,nan,nan,2.96e-322,0.0,4e-323
120.13,0.0,0.0,0.0,nan,nan,3e-322,0.0,4e-323
120.38,0.0,0.0,0.0,nan,nan,3e-322,0.0,4e-323
120.63,0.0,0.0,0.0,nan,nan,3.06e-322,0.0,4e-323
120.88,0.0,0.0,0.0,nan,nan,3e-322,0.0,4e-323
121.13,0.0,0.0,0.0,nan,nan,3.06e-322,0.0,4e-323
121.38,0.0,0.0,0.0,nan,nan,3.06e-322,0.0,4e-323
121.63,0.0,0.0,0.0,nan,nan,3.06e-322,0.0,4e-323
121.88,0.0,0.0,0.0,nan,nan,3.06e-322,0.0,4e-323
122.13,0.0,0.0,0.0,nan,nan,3.06e-322,0.0,4e-323
122.38,0.0,0.0,0.0,nan,nan,3.06e-322,0.0,4e-323
122.63,0.0,0.0,0.0,nan,nan,3.06e-322,0.0,4e-323
122.88,0.0,0.0,0.0,nan,nan,3.06e-322,0.0,4e-323
123.13,0.0,0.0,0.0,nan,nan,3.06e-322,0.0,4e-323
123.38,0.0,0.0,0.0,nan,nan,3.06e-322,0.0,4e-323
123.63,0.0,0.0,0.0,nan,nan,3.06e-322,0.0,4e-323
123.88,0.0,0.0,0.0,nan,nan,3.06e-322,0.0,4e-323
124.13,0.0,0.0,0.0,nan,nan,3.1e-322,0.0,4e-323
124.38,0.0,0.0,0.0,nan,nan,3.06e-322,0.0,4e-323
124.63,0.0,0.0,0.0,nan,nan,3.1e-322,0.0,4e-323
124.88,0.0,0.0,0.0,nan,nan,3.1e-322,0.0,4e-323
125.13,0.0,0.0,0.0,nan,nan,3.16e-322,0.0,4e-323
125.38,0.0,0.0,0.0,nan,nan,3.1e-322,0.0,4e-323
125.63,0.0,0.0,0.0,nan,nan,3.1e-322,0.0,4e-323
125.88,0.0,0.0,0.0,nan,nan,3.1e-322,0.0,4e-323
126.13,0.0,0.0,0.0,nan,nan,3.1e-322,0.0,4e-323
126.38,0.0,0.0,0.0,nan,nan,3.1e-322,0.0,4e-323
126.63,0.0,0.0,0.0,nan,nan,3.1e-322,0.0,4e-323
126.88,0.0,0.0,0.0,nan,nan,3.1e-322,0.0,4e-323
127.13,0.0,0.0,0.0,nan,nan,3.16e-322,0.0,4e-323
127.38,0.0,0.0,0.0,nan,nan,3.16e-322,0.0,4e-323
127.63,0.0,0.0,0.0,nan,nan,3.16e-322,0.0,4e-323
127.88,0.0,0.0,0.0,nan,nan,3.16e-322,0.0,4e-323
128.13,0.0,0.0,0.0,nan,nan,3.16e-322,0.0,4e-323
128.38,0.0,0.0,0.0,nan,nan,3.1e-322,0.0,4e-323
128.63,0.0,0.0,0.0,nan,nan,3.1e-322,0.0,4e-323
128.88,0.0,0.0,0.0,nan,nan,3.1e-322,0.0,4e-323
129.13,0.0,0.0,0.0,nan,nan,3.16e-322,0.0,4e-323
129.38,0.0,0.0,0.0,nan,nan,3.16e-322,0.0,4e-323
129.63,0.0,0.0,0.0,nan,nan,3.16e-322,0.0,4e-323
129.88,0.0,0.0,0.0,nan,nan,3.16e-322,0.0,4e-323
130.13,0.0,0.0,0.0,nan,nan,3.2e-322,0.0,4.4e-323
130.38,0.0,0.0,0.0,nan,nan,3.2e-322,0.0,4.4e-323
130.63,0.0,0.0,0.0,nan,nan,3.2e-322,0.0,4.4e-323
130.88,0.0,0.0,0.0,nan,nan,3.2e-322,0.0,4.4e-323
131.13,0.0,0.0,0.0,nan,nan,3.2e-322,0.0,4.4e-323
131.38,0.0,0.0,0.0,nan,nan,3.2e-322,0.0,4.4e-323
131.63,0.0,0.0,0.0,nan,nan,3.16e-322,0.0,4e-323
131.88,0.0,0.0,0.0,nan,nan,3.16e-322,0.0,4e-323
132.13,0.0,0.0,0.0,nan,nan,3.16e-322,0.0,4e-323
132.38,0.0,0.0,0.0,nan,nan,3.16e-322,0.0,4e-323
132.63,0.0,0.0,0.0,nan,nan,3.16e-322,0.0,4e-323
132.88,0.0,0.0,0.0,nan,nan,3.16e-322,0.0,4e-323
133.13,0.0,0.0,0.0,nan,nan,3.16e-322,0.0,4e-323
133.38,0.0,0.0,0.0,nan,nan,3.16e-322,0.0,4e-323
133.63,0.0,0.0,0.0,nan,nan,3.1e-322,0.0,4e-323
133.88,0.0,0.0,0.0,nan,nan,3.1e-322,0.0,4e-323
134.13,0.0,0.0,0.0,nan,nan,3.1e-322,0.0,4e-323
134.38,0.0,0.0,0.0,nan,nan,3.1e-322,0.0,4e-323
134.63,0.0,0.0,0.0,nan,nan,3.06e-322,0.0,4e-323
134.88,0.0,0.0,0.0,nan,nan,3.06e-322,0.0,4e-323
135.13,0.0,0.0,0.0,nan,nan,3.1e-322,0.0,4e-323
135.38,0.0,0.0,0.0,nan,nan,3.1e-322,0.0,4e-323
135.63,0.0,0.0,0.0,nan,nan,3.06e-322,0.0,4e-323
135.88,0.0,0.0,0.0,nan,nan,3e-322,0.0,4e-323
136.13,0.0,0.0,0.0,nan,nan,3.06e-322,0.0,4e-323
136.38,0.0,0.0,0.0,nan,nan,3.06e-322,0.0,4e-323
136.63,0.0,0.0,0.0,nan,nan,3.06e-322,0.0,4e-323
136.88,0.0,0.0,0.0,nan,nan,3e-322,0.0,4e-323
137.13,0.0,0.0,0.0,nan,nan,3e-322,0.0,4e-323
137.38,0.0,0.0,0.0,nan,nan,3e-322,0.0,4e-323
137.63,0.0,0.0,0.0,nan,nan,3e-322,0.0,4e-323
137.88,0.0,0.0,0.0,nan,nan,3e-322,0.0,4e-323
138.13,0.0,0.0,0.0,nan,nan,3e-322,0.0,4e-323
138.38,0.0,0.0,0.0,nan,nan,2.96e-322,0.0,4e-323
138.63,0.0,0.0,0.0,nan,nan,2.96e-322,0.0,4e-323
138.88,0.0,0.0,0.0,nan,nan,2.96e-322,0.0,4e-323
139.13,0.0,0.0,0.0,nan,nan,2.96e-322,0.0,4e-323
139.38,0.0,0.0,0.0,nan,nan,2.96e-322,0.0,4e-323
139.63,0.0,0.0,0.0,nan,nan,2.96e-322,0.0,4e-323
139.88,0.0,0.0,0.0,nan,nan,2.9e-322,0.0,4e-323
140.13,0.0,0.0,0.0,nan,nan,2.96e-322,0.0,4e-323
140.38,0.0,0.0,0.0,nan,nan,2.96e-322,0.0,4e-323
140.63,0.0,0.0,0.0,nan,nan,2.96e-322,0.0,4e-323
140.88,0.0,0.0,0.0,nan,nan,2.96e-322,0.0,4e-323
141.13,0.0,0.0,0.0,nan,nan,2.96e-322,0.0,4e-323
141.38,0.0,0.0,0.0,nan,nan,2.96e-322,0.0,4e-323
141.63,0.0,0.0,0.0,nan,nan,2.9e-322,0.0,4e-323
141.88,0.0,0.0,0.0,nan,nan,2.96e-322,0.0,4e-323
142.13,0.0,0.0,0.0,nan,nan,2.96e-322,0.0,4e-323
142.38,0.0,0.0,0.0,nan,nan,2.96e-322,0.0,4e-323
142.63,0.0,0.0,0.0,nan,nan,2.9e-322,0.0,4e-323
142.88,0.0,0.0,0.0,nan,nan,2.9e-322,0.0,4e-323
143.13,0.0,0.0,0.0,nan,nan,2.9e-322,0.0,4e-323
143.38,0.0,0.0,0.0,nan,nan,2.9e-322,0.0,4e-323
143.63,0.0,0.0,0.0,nan,nan,2.96e-322,0.0,4e-323
143.88,0.0,0.0,0.0,nan,nan,2.96e-322,0.0,4e-323
144.13,0.0,0.0,0.0,nan,nan,2.96e-322,0.0,4e-323
144.38,0.0,0.0,0.0,nan,nan,2.96e-322,0.0,4e-323
144.63,0.0,0.0,0.0,nan,nan,2.96e-322,0.0,4e-323
144.88,0.0,0.0,0.0,nan,nan,3e-322,0.0,4e-323
145.13,0.0,0.0,0.0,nan,nan,3e-322,0.0,4e-323
145.38,0.0,0.0,0.0,nan,nan,3.06e-322,0.0,4e-323
145.63,0.0,0.0,0.0,nan,nan,3.06e-322,0.0,4e-323
145.88,0.0,0.0,0.0,nan,nan,3.06e-322,0.0,4e-323
146.13,0.0,0.0,0.0,nan,nan,3.06e-322,0.0,4e-323
146.38,0.0,0.0,0.0,nan,nan,3.06e-322,0.0,4e-323
146.63,0.0,0.0,0.0,nan,nan,3.06e-322,0.0,4e-323
146.88,0.0,0.0,0.0,nan,nan,3.06e-322,0.0,4e-323
147.13,0.0,0.0,0.0,nan,nan,3.1e-322,0.0,4e-323
147.38,0.0,0.0,0.0,nan,nan,3.1e-322,0.0,4e-323
147.63,0.0,0.0,0.0,nan,nan,3.1e-322,0.0,4e-323
147.88,0.0,0.0,0.0,nan,nan,3.16e-322,0.0,4e-323
148.13,0.0,0.0,0.0,nan,nan,3.16e-322,0.0,4e-323
148.38,0.0,0.0,0.0,nan,nan,3.2e-322,0.0,4.4e-323
148.63,0.0,0.0,0.0,nan,nan,3.26e-322,0.0,4.4e-323
148.88,0.0,0.0,0.0,nan,nan,3.26e-322,0.0,4.4e-323
149.13,0.0,0.0,0.0,nan,nan,3.3e-322,0.0,4.4e-323
149.38,0.0,0.0,0.0,nan,nan,3.36e-322,0.0,4.4e-323
149.63,0.0,0.0,0.0,nan,nan,3.4e-322,0.0,4.4e-323
149.88,0.0,0.0,0.0,nan,nan,3.46e-322,0.0,4.4e-323
150.13,0.0,0.0,0.0,nan,nan,3.56e-322,0.0,4.4e-323
150.38,0.0,0.0,0.0,nan,nan,3.6e-322,0.0,5e-323
150.63,0.0,0.0,0.0,nan,nan,3.66e-322,0.0,5e-323
150.88,0.0,0.0,0.0,nan,nan,3.75e-322,0.0,5e-323
151.13,0.0,0.0,0.0,nan,nan,3.85e-322,0.0,5e-323
151.38,0.0,0.0,0.0,nan,nan,3.9e-322,0.0,5e-323
151.63,0.0,0.0,0.0,nan,nan,4e-322,0.0,5.4e-323
151.88,0.0,0.0,0.0,nan,nan,4.15e-322,0.0,5.4e-323
152.13,0.0,0.0,0.0,nan,nan,4.25e-322,0.0,5.4e-323
152.38,0.0,0.0,0.0,nan,nan,4.4e-322,0.0,6e-323
152.63,0.0,0.0,0.0,nan,nan,4.55e-322,0.0,6e-323
152.88,0.0,0.0,0.0,nan,nan,4.8e-322,0.0,6.4e-323
153.13,0.0,0.0,0.0,nan,nan,5.14e-322,0.0,7e-323
153.38,0.0,0.0,0.0,nan,nan,5.6e-322,0.0,7.4e-323
153.63,0.0,0.0,0.0,nan,nan,6.23e-322,0.0,8.4e-323
153.88,0.0,0.0,0.0,nan,nan,6.87e-322,0.0,9e-323
154.13,0.0,0.0,0.0,nan,nan,7.8e-322,0.0,1.04e-322
154.38,0.0,0.0,0.0,nan,nan,8.9e-322,0.0,1.2e-322
154.63,0.0,0.0,0.0,nan,nan,1.01e-321,0.0,1.33e-322
154.88,0.0,0.0,0.0,nan,nan,1.13e-321,0.0,1.5e-322
155.13,0.0,0.0,0.0,nan,nan,2.19e-321,0.0,2.87e-322
155.38,0.0,0.0,0.0,nan,nan,2.31e-321,0.0,3.06e-322
155.63,0.0,0.0,0.0,nan,nan,2.426e-321,0.0,3.2e-322
155.88,0.0,0.0,0.0,nan,nan,2.525e-321,0.0,3.3e-322
156.13,0.0,0.0,0.0,nan,nan,2.614e-321,0.0,3.46e-322
156.38,0.0,0.0,0.0,nan,nan,2.683e-321,0.0,3.5e-322
156.63,0.0,0.0,0.0,nan,nan,2.747e-321,0.0,3.6e-322
156.88,0.0,0.0,0.0,nan,nan,2.806e-321,0.0,3.7e-322
157.13,0.0,0.0,0.0,nan,nan,2.875e-321,0.0,3.8e-322
157.38,0.0,0.0,0.0,nan,nan,2.95e-321,0.0,3.9e-322
157.63,0.0,0.0,0.0,nan,nan,3.043e-321,0.0,4e-322
157.88,0.0,0.0,0.0,nan,nan,3.14e-321,0.0,4.15e-322
158.13,0.0,0.0,0.0,nan,nan,3.266e-321,0.0,4.3e-322
158.38,5e-324,4.94e-322,0.0,164.75453899334497,1335.245461006655,3.404e-321,0.0,4.5e-322
158.63,5e-324,4.94e-322,0.0,164.73090438320696,1335.269095616793,3.567e-321,0.0,4.7e-322
158.88,5e-324,4.94e-322,0.0,164.7055419151175,1335.2944580848825,3.76e-321,0.0,4.94e-322
159.13,5e-324,4.94e-322,0.0,164.6994967649173,1335.3005032350827,3.977e-321,0.0,5.24e-322
159.38,5e-324,4.94e-322,0.0,164.70678072845595,1335.293219271544,4.19e-321,0.0,5.53e-322
159.63,5e-324,4.94e-322,0.0,164.71393071914915,1335.2860692808508,4.427e-321,0.0,5.83e-322
159.88,5e-324,4.94e-322,0.0,164.71868806040584,1335.2813119395942,4.66e-321,0.0,6.13e-322
160.13,5e-324,4.94e-322,0.0,164.71913946054664,1335.2808605394534,6.12e-321,0.0,8.05e-322
160.38,3.1685227729011726e-263,3.1685227729011727e-261,0.0,162.6542096388034,1337.3457903611966,4.237410592002969e-260,0.0,5.573063697212031e-261
160.63,1.1646397366882743e-235,1.1646397366882743e-233,0.0,162.65422985227926,1337.3457701477207,1.557526025606019e-232,0.0,2.0484660531007984e-233
160.88,2.8410062764827657e-208,2.8410062764827656e-206,0.0,162.65425006575518,1337.3457499342449,3.79940766939074e-205,0.0,4.997000053087059e-206
161.13,2.1483159649075718e-177,2.1483159649075717e-175,0.0,162.65427027923192,1337.345729720768,2.8730411817600933e-174,0.0,3.778638194958075e-175
161.38,9.321509904585843e-147,9.321509904585844e-145,9.32150990458323e-145,162.65429049261977,1337.3457095073802,1.2466081277028425e-143,1.246608127702493e-143,1.639545271884123e-144
161.63,5.979044477722353e-120,5.979044477722352e-118,5.979044467914986e-118,162.6543107062093,1337.3456892937907,7.996049358377832e-117,7.996049345262802e-117,1.051644428425024e-117
161.88,2.459456100466467e-93,2.4594561004664674e-91,2.459456095524418e-91,162.65433091969396,1337.345669080306,3.289142964251968e-90,3.2891429576431483e-90,4.325897349576495e-91
162.13,2.650845327487077e-63,2.6508453274870772e-61,2.650845321342079e-61,162.65435113317358,1337.3456488668264,3.5450964645337996e-60,3.545096456316321e-60,4.662528678928217e-61
162.38,1.6691027526919246e-33,1.6691027526919247e-31,1.6691027526907652e-31,162.65437134643608,1337.3456286535638,2.2321672700861764e-30,2.232167270084625e-30,2.9357576068978295e-31
162.63,1.6542470331016604e-07,1.6542470331016604e-05,1.6542470248780178e-05,162.65439156029083,1337.3456084397092,0.00022123000049929241,0.0002212299993995734,2.909628080044083e-05
162.88,3.088096148573456e-05,0.003088096148573456,0.0020091602227332735,162.87970455284372,1337.1202954471562,0.041291560345497656,0.026864873759860398,0.0054306867594333804
163.13,5.4620502957520666e-05,0.0054620502957520665,0.0028272025919721592,163.12997479704669,1336.8700252029532,0.07302051316541862,0.03779603742723291,0.009603694573332074
163.38,0.00026318109055277575,0.026318109055277577,0.006142481541018975,163.38098861117908,1336.619011388821,0.35177284907088285,0.08210155864639482,0.04626534182270743
163.63,0.0009024018942302192,0.09024018942302192,0.01123737696987692,163.63086883719419,1336.3691311628058,1.2059420353521082,0.150172904674671,0.15860610229385372
163.88,0.0017953814381115815,0.17953814381115815,0.016156772470197815,163.87953873241563,1336.1204612675845,2.398845875240905,0.21587396178715673,0.3154974145706421
164.13,0.0036120758533790456,0.36120758533790454,0.023489639223315303,164.1297503517567,1335.8702496482433,4.825264672001857,0.3137911292508462,0.6346212336308433
164.38,0.005135068820553943,0.5135068820553943,0.027916674271987584,164.38028354354518,1335.6197164564549,6.858499162092638,0.3728606536676464,0.902033255161855
164.63,0.0056938360812090975,0.5693836081209097,0.029052902504563334,164.63010596375395,1335.369894036246,7.603377284423947,0.3879637010634487,1.0
164.88,0.005437921248061986,0.5437921248061985,0.028342930130013558,164.88012369041954,1335.1198763095804,7.2602767440937575,0.37841207713607894,0.9548752445793983
165.13,0.004925280909750307,0.4925280909750307,0.027030920185994883,165.12979634715086,1334.870203652849,6.5746107310458815,0.3608276435246306,0.8646961060993822
165.38,0.0032396492429482516,0.32396492429482515,0.022352132012903835,165.3802546569936,1334.6197453430063,4.323699847624259,0.29831600856204277,0.5686551759678772
165.63,0.001768101371198968,0.1768101371198968,0.01611192950001779,165.6297707276674,1334.3702292723326,2.359301832063492,0.21499277567739639,0.31029656214701956
165.88,0.0011632924933228912,0.11632924933228912,0.01335701446560315,165.88052592477732,1334.1194740752226,1.55197116938759,0.17819852087359278,0.204116027829753
166.13,0.0003347773942608125,0.03347773942608125,0.006721996794956885,166.12796545031225,1333.8720345496877,0.44655020400391293,0.08966274688892475,0.05873050715485373
166.38,6.0952404617045884e-05,0.006095240461704589,0.0024585258369244326,166.3813212028139,1333.618678797186,0.08128726531489625,0.03278737894741651,0.010690941968829948
166.63,1.2439173176593497e-05,0.0012439173176593498,0.0007785875770260226,166.62310361169224,1333.3768963883078,0.016586106123842925,0.010381506228154563,0.0021814130094294716
166.88,1.4636446636410184e-05,0.0014636446636410183,0.0009730281525941202,166.8792647198785,1333.1207352801216,0.019512150501819404,0.012971640614861705,0.0025662478359177857
167.13,5.792231528573146e-26,5.792231528573146e-24,5.789886424484067e-24,166.96324222635056,1333.0367577736495,7.721257537123455e-23,7.718131298738488e-23,1.015503670052122e-23
167.38,1.0740581501473097e-51,1.0740581501473096e-49,7.543238532952916e-50,166.92037196171108,1333.079628038289,1.4318050392898687e-48,1.0055660149816488e-48,1.8831171803390873e-49
167.63,4.422002497250118e-73,4.422002497250118e-71,4.421631566826929e-71,166.85662234795558,1333.1433776520444,5.895163345169798e-70,5.894668863002886e-70,7.753348445889243e-71
167.88,9.05336331589338e-98,9.05336331589338e-96,9.053360837914212e-96,166.85663777530968,1333.1433622246902,1.206943121039177e-94,1.2069427907112116e-94,1.587377655863119e-95
168.13,1.3491532595681058e-122,1.3491532595681057e-120,1.3491532594415434e-120,166.85665796426835,1333.1433420357316,1.7986146853790257e-119,1.798614685210306e-119,2.3655470695418658e-120
168.38,5.0618255628489794e-144,5.061825562848979e-142,5.061825562848497e-142,166.85667817771764,1333.1433218222824,6.748138945341433e-141,6.74813894534079e-141,8.8751862401534e-142
168.63,1.3404637089388594e-165,1.3404637089388594e-163,0.0,166.85669839117173,1333.1433016088283,1.787030214621567e-162,1.7870298391938517e-162,2.3503111154071286e-163
168.88,2.969120817300138e-219,2.969120817300138e-217,0.0,166.9633307573996,1333.0366692426005,3.957946924872643e-216,0.0,5.20551167831797e-217
169.13,4.047635706964438e-248,4.0476357069644377e-246,0.0,166.85673881807986,1333.14326118192,5.396078266458957e-245,0.0,7.096949243217488e-246
169.38,2.0815149337924546e-270,2.0815149337924546e-268,0.0,166.85675903153393,1333.143240968466,2.7749575649603352e-267,0.0,3.6496381294205023e-268
169.63,7.220874285843105e-293,7.220874285843105e-291,0.0,166.85677924498802,1333.143220755012,9.626459602095924e-290,0.0,1.266076802714552e-290
169.88,3.253e-319,3.2529776e-317,0.0,166.85679133042328,1333.1432086695768,4.3366771e-316,0.0,5.7036193e-317
170.13,0.0,0.0,0.0,nan,nan,5.83e-322,0.0,8e-323
170.38,0.0,0.0,0.0,nan,nan,4.74e-322,0.0,6.4e-323
170.63,0.0,0.0,0.0,nan,nan,3.8e-322,0.0,5e-323
170.88,0.0,0.0,0.0,nan,nan,3e-322,0.0,4e-323
171.13,0.0,0.0,0.0,nan,nan,2.37e-322,0.0,3e-323
171.38,0.0,0.0,0.0,nan,nan,1.9e-322,0.0,2.5e-323
171.63,0.0,0.0,0.0,nan,nan,1.53e-322,0.0,2e-323
171.88,0.0,0.0,0.0,nan,nan,1.24e-322,0.0,1.5e-323
172.13,0.0,0.0,0.0,nan,nan,9e-323,0.0,1e-323
172.38,0.0,0.0,0.0,nan,nan,7.4e-323,0.0,1e-323
172.63,0.0,0.0,0.0,nan,nan,6e-323,0.0,1e-323
172.88,0.0,0.0,0.0,nan,nan,4.4e-323,0.0,5e-324
173.13,0.0,0.0,0.0,nan,nan,3.5e-323,0.0,5e-324
173.38,0.0,0.0,0.0,nan,nan,2.5e-323,0.0,5e-324
173.63,0.0,0.0,0.0,nan,nan,2e-323,0.0,5e-324
173.88,0.0,0.0,0.0,nan,nan,1.5e-323,0.0,0.0
174.13,0.0,0.0,0.0,nan,nan,1e-323,0.0,0.0
174.38,0.0,0.0,0.0,nan,nan,1e-323,0.0,0.0
174.63,0.0,0.0,0.0,nan,nan,5e-324,0.0,0.0
174.88,0.0,0.0,0.0,nan,nan,5e-324,0.0,0.0
175.13,0.0,0.0,0.0,nan,nan,0.0,0.0,0.0
175.38,0.0,0.0,0.0,nan,nan,0.0,0.0,0.0
175.63,0.0,0.0,0.0,nan,nan,0.0,0.0,0.0
175.88,0.0,0.0,0.0,nan,nan,0.0,0.0,0.0
176.13,0.0,0.0,0.0,nan,nan,0.0,0.0,0.0
176.38,0.0,0.0,0.0,nan,nan,0.0,0.0,0.0
176.63,0.0,0.0,0.0,nan,nan,0.0,0.0,0.0
176.88,0.0,0.0,0.0,nan,nan,0.0,0.0,0.0
177.13,0.0,0.0,0.0,nan,nan,0.0,0.0,0.0
177.38,0.0,0.0,0.0,nan,nan,0.0,0.0,0.0
177.63,0.0,0.0,0.0,nan,nan,0.0,0.0,0.0
177.88,0.0,0.0,0.0,nan,nan,0.0,0.0,0.0
178.13,0.0,0.0,0.0,nan,nan,0.0,0.0,0.0
178.38,0.0,0.0,0.0,nan,nan,0.0,0.0,0.0
178.63,0.0,0.0,0.0,nan,nan,0.0,0.0,0.0
178.88,0.0,0.0,0.0,nan,nan,0.0,0.0,0.0
179.13,0.0,0.0,0.0,nan,nan,0.0,0.0,0.0
179.38,0.0,0.0,0.0,nan,nan,0.0,0.0,0.0
179.63,0.0,0.0,0.0,nan,nan,0.0,0.0,0.0
179.88,0.0,0.0,0.0,nan,nan,0.0,0.0,0.0
180.13,0.0,0.0,0.0,nan,nan,0.0,0.0,0.0
180.38,0.0,0.0,0.0,nan,nan,0.0,0.0,0.0
180.63,0.0,0.0,0.0,nan,nan,0.0,0.0,0.0
180.88,0.0,0.0,0.0,nan,nan,0.0,0.0,0.0
181.13,0.0,0.0,0.0,nan,nan,0.0,0.0,0.0
181.38,0.0,0.0,0.0,nan,nan,0.0,0.0,0.0
181.63,0.0,0.0,0.0,nan,nan,0.0,0.0,0.0
181.88,0.0,0.0,0.0,nan,nan,0.0,0.0,0.0
182.13,0.0,0.0,0.0,nan,nan,0.0,0.0,0.0
182.38,0.0,0.0,0.0,nan,nan,0.0,0.0,0.0
182.63,0.0,0.0,0.0,nan,nan,0.0,0.0,0.0
182.88,0.0,0.0,0.0,nan,nan,0.0,0.0,0.0
183.13,0.0,0.0,0.0,nan,nan,0.0,0.0,0.0
183.38,0.0,0.0,0.0,nan,nan,0.0,0.0,0.0
183.63,0.0,0.0,0.0,nan,nan,0.0,0.0,0.0
183.88,0.0,0.0,0.0,nan,nan,0.0,0.0,0.0
184.13,0.0,0.0,0.0,nan,nan,0.0,0.0,0.0
184.38,0.0,0.0,0.0,nan,nan,0.0,0.0,0.0
184.63,0.0,0.0,0.0,nan,nan,0.0,0.0,0.0
184.88,0.0,0.0,0.0,nan,nan,0.0,0.0,0.0
185.13,0.0,0.0,0.0,nan,nan,0.0,0.0,0.0
185.38,0.0,0.0,0.0,nan,nan,0.0,0.0,0.0
185.63,0.0,0.0,0.0,nan,nan,0.0,0.0,0.0
185.88,0.0,0.0,0.0,nan,nan,0.0,0.0,0.0
186.13,0.0,0.0,0.0,nan,nan,0.0,0.0,0.0
186.38,0.0,0.0,0.0,nan,nan,0.0,0.0,0.0
186.63,0.0,0.0,0.0,nan,nan,0.0,0.0,0.0
186.88,0.0,0.0,0.0,nan,nan,0.0,0.0,0.0
187.13,0.0,0.0,0.0,nan,nan,0.0,0.0,0.0
187.38,0.0,0.0,0.0,nan,nan,0.0,0.0,0.0
187.63,0.0,0.0,0.0,nan,nan,0.0,0.0,0.0
187.88,0.0,0.0,0.0,nan,nan,0.0,0.0,0.0
188.13,0.0,0.0,0.0,nan,nan,0.0,0.0,0.0
188.38,0.0,0.0,0.0,nan,nan,0.0,0.0,0.0
188.63,0.0,0.0,0.0,nan,nan,0.0,0.0,0.0
188.88,0.0,0.0,0.0,nan,nan,0.0,0.0,0.0
189.13,0.0,0.0,0.0,nan,nan,0.0,0.0,0.0
189.38,0.0,0.0,0.0,nan,nan,0.0,0.0,0.0
189.63,0.0,0.0,0.0,nan,nan,0.0,0.0,0.0
189.88,0.0,0.0,0.0,nan,nan,0.0,0.0,0.0
190.13,0.0,0.0,0.0,nan,nan,0.0,0.0,0.0
190.38,0.0,0.0,0.0,nan,nan,0.0,0.0,0.0
190.63,0.0,0.0,0.0,nan,nan,0.0,0.0,0.0
190.88,0.0,0.0,0.0,nan,nan,0.0,0.0,0.0
191.13,0.0,0.0,0.0,nan,nan,0.0,0.0,0.0
191.38,0.0,0.0,0.0,nan,nan,0.0,0.0,0.0
191.63,0.0,0.0,0.0,nan,nan,0.0,0.0,0.0
191.88,0.0,0.0,0.0,nan,nan,0.0,0.0,0.0
192.13,0.0,0.0,0.0,nan,nan,0.0,0.0,0.0
192.38,0.0,0.0,0.0,nan,nan,0.0,0.0,0.0
192.63,0.0,0.0,0.0,nan,nan,0.0,0.0,0.0
192.88,0.0,0.0,0.0,nan,nan,0.0,0.0,0.0
193.13,0.0,0.0,0.0,nan,nan,0.0,0.0,0.0
193.38,0.0,0.0,0.0,nan,nan,0.0,0.0,0.0
193.63,0.0,0.0,0.0,nan,nan,0.0,0.0,0.0
193.88,0.0,0.0,0.0,nan,nan,0.0,0.0,0.0
194.13,0.0,0.0,0.0,nan,nan,0.0,0.0,0.0
194.38,0.0,0.0,0.0,nan,nan,0.0,0.0,0.0
194.63,0.0,0.0,0.0,nan,nan,0.0,0.0,0.0
194.88,0.0,0.0,0.0,nan,nan,0.0,0.0,0.0
195.13,0.0,0.0,0.0,nan,nan,0.0,0.0,0.0
195.38,0.0,0.0,0.0,nan,nan,0.0,0.0,0.0
195.63,0.0,0.0,0.0,nan,nan,0.0,0.0,0.0
195.88,0.0,0.0,0.0,nan,nan,0.0,0.0,0.0
196.13,0.0,0.0,0.0,nan,nan,0.0,0.0,0.0
196.38,0.0,0.0,0.0,nan,nan,0.0,0.0,0.0
196.63,0.0,0.0,0.0,nan,nan,0.0,0.0,0.0
196.88,0.0,0.0,0.0,nan,nan,0.0,0.0,0.0
197.13,0.0,0.0,0.0,nan,nan,0.0,0.0,0.0
197.38,0.0,0.0,0.0,nan,nan,0.0,0.0,0.0
197.63,0.0,0.0,0.0,nan,nan,0.0,0.0,0.0
197.88,0.0,0.0,0.0,nan,nan,0.0,0.0,0.0
198.13,0.0,0.0,0.0,nan,nan,0.0,0.0,0.0
198.38,0.0,0.0,0.0,nan,nan,0.0,0.0,0.0
198.63,0.0,0.0,0.0,nan,nan,0.0,0.0,0.0
198.88,0.0,0.0,0.0,nan,nan,0.0,0.0,0.0
199.13,0.0,0.0,0.0,nan,nan,0.0,0.0,0.0
199.38,0.0,0.0,0.0,nan,nan,0.0,0.0,0.0
199.63,0.0,0.0,0.0,nan,nan,0.0,0.0,0.0
199.88,0.0,0.0,0.0,nan,nan,0.0,0.0,0.0
200.13,0.0,0.0,0.0,nan,nan,0.0,0.0,0.0
200.38,0.0,0.0,0.0,nan,nan,0.0,0.0,0.0
200.63,0.0,0.0,0.0,nan,nan,0.0,0.0,0.0
200.88,0.0,0.0,0.0,nan,nan,0.0,0.0,0.0
201.13,0.0,0.0,0.0,nan,nan,0.0,0.0,0.0
201.38,0.0,0.0,0.0,nan,nan,0.0,0.0,0.0
201.63,0.0,0.0,0.0,nan,nan,0.0,0.0,0.0
201.88,0.0,0.0,0.0,nan,nan,0.0,0.0,0.0
202.13,0.0,0.0,0.0,nan,nan,0.0,0.0,0.0
202.38,0.0,0.0,0.0,nan,nan,0.0,0.0,0.0
202.63,0.0,0.0,0.0,nan,nan,0.0,0.0,0.0
202.88,0.0,0.0,0.0,nan,nan,0.0,0.0,0.0
203.13,0.0,0.0,0.0,nan,nan,0.0,0.0,0.0
203.38,0.0,0.0,0.0,nan,nan,0.0,0.0,0.0
203.63,0.0,0.0,0.0,nan,nan,0.0,0.0,0.0
203.88,0.0,0.0,0.0,nan,nan,0.0,0.0,0.0
204.13,0.0,0.0,0.0,nan,nan,0.0,0.0,0.0
204.38,0.0,0.0,0.0,nan,nan,0.0,0.0,0.0
204.63,0.0,0.0,0.0,nan,nan,0.0,0.0,0.0
204.88,0.0,0.0,0.0,nan,nan,0.0,0.0,0.0
205.13,0.0,0.0,0.0,nan,nan,0.0,0.0,0.0
205.38,0.0,0.0,0.0,nan,nan,0.0,0.0,0.0
205.63,0.0,0.0,0.0,nan,nan,0.0,0.0,0.0
205.88,0.0,0.0,0.0,nan,nan,0.0,0.0,0.0
206.13,0.0,0.0,0.0,nan,nan,0.0,0.0,0.0
206.38,0.0,0.0,0.0,nan,nan,0.0,0.0,0.0
206.63,0.0,0.0,0.0,nan,nan,0.0,0.0,0.0
206.88,0.0,0.0,0.0,nan,nan,0.0,0.0,0.0
207.13,0.0,0.0,0.0,nan,nan,0.0,0.0,0.0
207.38,0.0,0.0,0.0,nan,nan,0.0,0.0,0.0
207.63,0.0,0.0,0.0,nan,nan,0.0,0.0,0.0
207.88,0.0,0.0,0.0,nan,nan,0.0,0.0,0.0
208.13,0.0,0.0,0.0,nan,nan,0.0,0.0,0.0
208.38,0.0,0.0,0.0,nan,nan,0.0,0.0,0.0
208.63,0.0,0.0,0.0,nan,nan,0.0,0.0,0.0
208.88,0.0,0.0,0.0,nan,nan,0.0,0.0,0.0
209.13,0.0,0.0,0.0,nan,nan,0.0,0.0,0.0
209.38,0.0,0.0,0.0,nan,nan,0.0,0.0,0.0
209.63,0.0,0.0,0.0,nan,nan,0.0,0.0,0.0
209.88,0.0,0.0,0.0,nan,nan,0.0,0.0,0.0
210.13,0.0,0.0,0.0,nan,nan,0.0,0.0,0.0
210.38,0.0,0.0,0.0,nan,nan,0.0,0.0,0.0
210.63,0.0,0.0,0.0,nan,nan,0.0,0.0,0.0
210.88,0.0,0.0,0.0,nan,nan,0.0,0.0,0.0
211.13,0.0,0.0,0.0,nan,nan,0.0,0.0,0.0
211.38,0.0,0.0,0.0,nan,nan,0.0,0.0,0.0
211.63,0.0,0.0,0.0,nan,nan,0.0,0.0,0.0
211.88,0.0,0.0,0.0,nan,nan,0.0,0.0,0.0
212.13,0.0,0.0,0.0,nan,nan,0.0,0.0,0.0
212.38,0.0,0.0,0.0,nan,nan,0.0,0.0,0.0
212.63,0.0,0.0,0.0,nan,nan,0.0,0.0,0.0
212.88,0.0,0.0,0.0,nan,nan,0.0,0.0,0.0
213.13,0.0,0.0,0.0,nan,nan,0.0,0.0,0.0
213.38,0.0,0.0,0.0,nan,nan,0.0,0.0,0.0
213.63,0.0,0.0,0.0,nan,nan,0.0,0.0,0.0
213.88,0.0,0.0,0.0,nan,nan,0.0,0.0,0.0
214.13,0.0,0.0,0.0,nan,nan,0.0,0.0,0.0
214.38,0.0,0.0,0.0,nan,nan,0.0,0.0,0.0
214.63,0.0,0.0,0.0,nan,nan,0.0,0.0,0.0
214.88,0.0,0.0,0.0,nan,nan,0.0,0.0,0.0
215.13,0.0,0.0,0.0,nan,nan,0.0,0.0,0.0
215.38,0.0,0.0,0.0,nan,nan,0.0,0.0,0.0
215.63,0.0,0.0,0.0,nan,nan,0.0,0.0,0.0
215.88,0.0,0.0,0.0,nan,nan,0.0,0.0,0.0
216.13,0.0,0.0,0.0,nan,nan,0.0,0.0,0.0
216.38,0.0,0.0,0.0,nan,nan,0.0,0.0,0.0
216.63,0.0,0.0,0.0,nan,nan,0.0,0.0,0.0
216.88,0.0,0.0,0.0,nan,nan,0.0,0.0,0.0
217.13,0.0,0.0,0.0,nan,nan,0.0,0.0,0.0
217.38,0.0,0.0,0.0,nan,nan,0.0,0.0,0.0
217.63,0.0,0.0,0.0,nan,nan,0.0,0.0,0.0
217.88,0.0,0.0,0.0,nan,nan,0.0,0.0,0.0
218.13,0.0,0.0,0.0,nan,nan,0.0,0.0,0.0
218.38,0.0,0.0,0.0,nan,nan,0.0,0.0,0.0
218.63,0.0,0.0,0.0,nan,nan,0.0,0.0,0.0
218.88,0.0,0.0,0.0,nan,nan,0.0,0.0,0.0
219.13,0.0,0.0,0.0,nan,nan,0.0,0.0,0.0
219.38,0.0,0.0,0.0,nan,nan,0.0,0.0,0.0
219.63,0.0,0.0,0.0,nan,nan,0.0,0.0,0.0
219.88,0.0,0.0,0.0,nan,nan,0.0,0.0,0.0
220.13,0.0,0.0,0.0,nan,nan,0.0,0.0,0.0
220.38,0.0,0.0,0.0,nan,nan,0.0,0.0,0.0
220.63,0.0,0.0,0.0,nan,nan,0.0,0.0,0.0
220.88,0.0,0.0,0.0,nan,nan,0.0,0.0,0.0
221.13,0.0,0.0,0.0,nan,nan,0.0,0.0,0.0
221.38,0.0,0.0,0.0,nan,nan,0.0,0.0,0.0
221.63,0.0,0.0,0.0,nan,nan,0.0,0.0,0.0
221.88,0.0,0.0,0.0,nan,nan,0.0,0.0,0.0
222.13,0.0,0.0,0.0,nan,nan,0.0,0.0,0.0
222.38,0.0,0.0,0.0,nan,nan,0.0,0.0,0.0
222.63,0.0,0.0,0.0,nan,nan,0.0,0.0,0.0
222.88,0.0,0.0,0.0,nan,nan,0.0,0.0,0.0
223.13,0.0,0.0,0.0,nan,nan,0.0,0.0,0.0
223.38,0.0,0.0,0.0,nan,nan,0.0,0.0,0.0
223.63,0.0,0.0,0.0,nan,nan,0.0,0.0,0.0
223.88,0.0,0.0,0.0,nan,nan,0.0,0.0,0.0
224.13,0.0,0.0,0.0,nan,nan,5e-324,0.0,0.0
224.38,0.0,0.0,0.0,nan,nan,5e-324,0.0,0.0
224.63,0.0,0.0,0.0,nan,nan,1.5e-323,0.0,0.0
224.88,0.0,0.0,0.0,nan,nan,2.5e-323,0.0,5e-324
225.13,0.0,0.0,0.0,nan,nan,4e-323,0.0,5e-324
225.38,0.0,0.0,0.0,nan,nan,5.4e-323,0.0,5e-324
225.63,0.0,0.0,0.0,nan,nan,8e-323,0.0,1e-323
225.88,0.0,0.0,0.0,nan,nan,1.1e-322,0.0,1.5e-323
226.13,0.0,0.0,0.0,nan,nan,1.73e-322,0.0,2.5e-323
226.38,0.0,0.0,0.0,nan,nan,2.17e-322,0.0,3e-323
226.63,0.0,0.0,0.0,nan,nan,2.8e-322,0.0,3.5e-323
226.88,0.0,0.0,0.0,nan,nan,3.5e-322,0.0,4.4e-323
227.13,0.0,0.0,0.0,nan,nan,4.4e-322,0.0,6e-323
227.38,0.0,0.0,0.0,nan,nan,5.9e-322,0.0,8e-323
227.63,0.0,0.0,0.0,nan,nan,7.56e-322,0.0,1e-322
227.88,0.0,0.0,0.0,nan,nan,9.63e-322,0.0,1.3e-322
228.13,0.0,0.0,0.0,nan,nan,1.255e-321,0.0,1.63e-322
228.38,0.0,0.0,0.0,nan,nan,1.606e-321,0.0,2.1e-322
228.63,0.0,0.0,0.0,nan,nan,1.947e-321,0.0,2.57e-322
228.88,0.0,0.0,0.0,nan,nan,2.386e-321,0.0,3.16e-322
229.13,0.0,0.0,0.0,nan,nan,3.1e-321,0.0,4.05e-322
229.38,5e-324,4.94e-322,0.0,164.64041196091054,1335.3595880390894,3.76e-321,0.0,4.94e-322
229.63,5e-324,4.94e-322,0.0,164.65987141289008,1335.34012858711,4.21e-321,0.0,5.53e-322
229.88,5e-324,4.94e-322,0.0,164.6848533058818,1335.315146694118,4.7e-321,0.0,6.2e-322
230.13,5e-324,4.94e-322,0.0,164.7087418807662,1335.2912581192338,5.316e-321,0.0,7e-322
230.38,5e-324,4.94e-322,0.0,164.70774196217982,1335.2922580378201,5.316e-321,0.0,7e-322
230.63,5e-324,4.94e-322,0.0,164.73185827588762,1335.2681417241124,5.934e-321,0.0,7.8e-322
230.88,5e-324,4.94e-322,0.0,164.7292992445387,1335.2707007554613,5.91e-321,0.0,7.76e-322
231.13,5e-324,4.94e-322,0.0,164.75286666666668,1335.2471333333333,6.596e-321,0.0,8.7e-322
231.38,5e-324,4.94e-322,0.0,164.75286666666668,1335.2471333333333,6.596e-321,0.0,8.7e-322
231.63,5e-324,4.94e-322,0.0,164.75286666666668,1335.2471333333333,6.596e-321,0.0,8.7e-322
231.88,5e-324,4.94e-322,0.0,164.75286666666668,1335.2471333333333,6.596e-321,0.0,8.7e-322
232.13,5e-324,4.94e-322,0.0,164.75286666666668,1335.2471333333333,6.596e-321,0.0,8.7e-322
232.38,5e-324,4.94e-322,0.0,164.7529,1335.2471,6.596e-321,0.0,8.7e-322
232.63,5e-324,4.94e-322,0.0,164.7529,1335.2471,6.596e-321,0.0,8.7e-322
232.88,5e-324,4.94e-322,0.0,164.7529,1335.2471,6.596e-321,0.0,8.7e-322
233.13,5e-324,4.94e-322,0.0,164.75296666666668,1335.2470333333333,6.596e-321,0.0,8.7e-322
233.38,5e-324,4.94e-322,0.0,164.753,1335.247,6.596e-321,0.0,8.7e-322
233.63,5e-324,4.94e-322,0.0,164.753,1335.247,6.596e-321,0.0,8.7e-322
233.88,5e-324,4.94e-322,0.0,164.75303333333332,1335.2469666666666,6.596e-321,0.0,8.7e-322
234.13,5e-324,4.94e-322,0.0,164.75306666666665,1335.2469333333333,6.596e-321,0.0,8.7e-322
234.38,5e-324,4.94e-322,0.0,164.75306666666665,1335.2469333333333,6.596e-321,0.0,8.7e-322
234.63,5e-324,4.94e-322,0.0,164.7531,1335.2469,6.596e-321,0.0,8.7e-322
234.88,5e-324,4.94e-322,0.0,164.75313333333332,1335.2468666666666,6.596e-321,0.0,8.7e-322
235.13,5e-324,4.94e-322,0.0,164.75313333333332,1335.2468666666666,6.596e-321,0.0,8.7e-322
235.38,5e-324,4.94e-322,0.0,164.75313333333332,1335.2468666666666,6.596e-321,0.0,8.7e-322
235.63,5e-324,4.94e-322,0.0,164.75316666666666,1335.2468333333334,6.596e-321,0.0,8.7e-322
235.88,5e-324,4.94e-322,0.0,164.75316666666666,1335.2468333333334,6.596e-321,0.0,8.7e-322
236.13,5e-324,4.94e-322,0.0,164.7532,1335.2468,6.596e-321,0.0,8.7e-322
236.38,5e-324,4.94e-322,0.0,164.75323333333333,1335.2467666666666,6.596e-321,0.0,8.7e-322
236.63,5e-324,4.94e-322,0.0,164.75323333333333,1335.2467666666666,6.596e-321,0.0,8.7e-322
236.88,5e-324,4.94e-322,0.0,164.75326666666666,1335.2467333333334,6.596e-321,0.0,8.7e-322
237.13,5e-324,4.94e-322,0.0,164.7533,1335.2467,6.596e-321,0.0,8.7e-322
237.38,5e-324,4.94e-322,0.0,164.7533,1335.2467,6.596e-321,0.0,8.7e-322
237.63,5e-324,4.94e-322,0.0,164.75333333333333,1335.2466666666667,6.596e-321,0.0,8.7e-322
237.88,5e-324,4.94e-322,0.0,164.75336666666666,1335.2466333333334,6.596e-321,0.0,8.7e-322
238.13,5e-324,4.94e-322,0.0,164.75336666666666,1335.2466333333334,6.596e-321,0.0,8.7e-322
238.38,5e-324,4.94e-322,0.0,164.7534,1335.2466,6.596e-321,0.0,8.7e-322
238.63,5e-324,4.94e-322,0.0,164.7534,1335.2466,6.596e-321,0.0,8.7e-322
238.88,5e-324,4.94e-322,0.0,164.75343333333333,1335.2465666666667,6.596e-321,0.0,8.7e-322
239.13,5e-324,4.94e-322,0.0,164.7535,1335.2465,6.596e-321,0.0,8.7e-322
239.38,5e-324,4.94e-322,0.0,164.75353333333334,1335.2464666666667,6.596e-321,0.0,8.7e-322
239.63,5e-324,4.94e-322,0.0,164.75356666666667,1335.2464333333332,6.596e-321,0.0,8.7e-322
239.88,5e-324,4.94e-322,0.0,164.75356666666667,1335.2464333333332,6.596e-321,0.0,8.7e-322
240.13,5e-324,4.94e-322,0.0,164.75356666666667,1335.2464333333332,6.596e-321,0.0,8.7e-322
240.38,5e-324,4.94e-322,0.0,164.75356666666667,1335.2464333333332,6.596e-321,0.0,8.7e-322
240.63,5e-324,4.94e-322,0.0,164.75363333333334,1335.2463666666667,6.596e-321,0.0,8.7e-322
240.88,5e-324,4.94e-322,0.0,164.75363333333334,1335.2463666666667,6.596e-321,0.0,8.7e-322
241.13,5e-324,4.94e-322,0.0,164.75366666666667,1335.2463333333333,6.596e-321,0.0,8.7e-322
241.38,5e-324,4.94e-322,0.0,164.7537,1335.2463,6.596e-321,0.0,8.7e-322
241.63,5e-324,4.94e-322,0.0,164.75373333333334,1335.2462666666665,6.596e-321,0.0,8.7e-322
241.88,5e-324,4.94e-322,0.0,164.75373333333334,1335.2462666666665,6.596e-321,0.0,8.7e-322
242.13,5e-324,4.94e-322,0.0,164.75373333333334,1335.2462666666665,6.596e-321,0.0,8.7e-322
242.38,5e-324,4.94e-322,0.0,164.7538,1335.2462,6.596e-321,0.0,8.7e-322
242.63,5e-324,4.94e-322,0.0,164.7538,1335.2462,6.596e-321,0.0,8.7e-322
242.88,5e-324,4.94e-322,0.0,164.7538,1335.2462,6.596e-321,0.0,8.7e-322
243.13,5e-324,4.94e-322,0.0,164.75383333333335,1335.2461666666666,6.596e-321,0.0,8.7e-322
243.38,5e-324,4.94e-322,0.0,164.75383333333335,1335.2461666666666,6.596e-321,0.0,8.7e-322
243.63,5e-324,4.94e-322,0.0,164.75393333333332,1335.2460666666666,6.596e-321,0.0,8.7e-322
243.88,5e-324,4.94e-322,0.0,164.75393333333332,1335.2460666666666,6.596e-321,0.0,8.7e-322
244.13,5e-324,4.94e-322,0.0,164.75393333333332,1335.2460666666666,6.596e-321,0.0,8.7e-322
244.38,5e-324,4.94e-322,0.0,164.75393333333332,1335.2460666666666,6.596e-321,0.0,8.7e-322
244.63,5e-324,4.94e-322,0.0,164.75393333333332,1335.2460666666666,6.596e-321,0.0,8.7e-322
244.88,5e-324,4.94e-322,0.0,164.75396666666666,1335.2460333333333,6.596e-321,0.0,8.7e-322
245.13,5e-324,4.94e-322,0.0,164.754,1335.246,6.596e-321,0.0,8.7e-322
245.38,5e-324,4.94e-322,0.0,164.754,1335.246,6.596e-321,0.0,8.7e-322
245.63,5e-324,4.94e-322,0.0,164.754,1335.246,6.596e-321,0.0,8.7e-322
245.88,5e-324,4.94e-322,0.0,164.75403333333333,1335.2459666666666,6.596e-321,0.0,8.7e-322
246.13,5e-324,4.94e-322,0.0,164.75403333333333,1335.2459666666666,6.596e-321,0.0,8.7e-322
246.38,5e-324,4.94e-322,0.0,164.75406666666666,1335.2459333333334,6.596e-321,0.0,8.7e-322
246.63,5e-324,4.94e-322,0.0,164.75406666666666,1335.2459333333334,6.596e-321,0.0,8.7e-322
246.88,5e-324,4.94e-322,0.0,164.75406666666666,1335.2459333333334,6.596e-321,0.0,8.7e-322
247.13,5e-324,4.94e-322,0.0,164.75406666666666,1335.2459333333334,6.596e-321,0.0,8.7e-322
247.38,5e-324,4.94e-322,0.0,164.75406666666666,1335.2459333333334,6.596e-321,0.0,8.7e-322
247.63,5e-324,4.94e-322,0.0,164.75406666666666,1335.2459333333334,6.596e-321,0.0,8.7e-322
247.88,5e-324,4.94e-322,0.0,164.75406666666666,1335.2459333333334,6.596e-321,0.0,8.7e-322
248.13,5e-324,4.94e-322,0.0,164.7541,1335.2459,6.596e-321,0.0,8.7e-322
248.38,5e-324,4.94e-322,0.0,164.7541,1335.2459,6.596e-321,0.0,8.7e-322
248.63,5e-324,4.94e-322,0.0,164.7541,1335.2459,6.596e-321,0.0,8.7e-322
248.88,5e-324,4.94e-322,0.0,164.75413333333333,1335.2458666666666,6.596e-321,0.0,8.7e-322
249.13,5e-324,4.94e-322,0.0,164.75413333333333,1335.2458666666666,6.596e-321,0.0,8.7e-322
249.38,5e-324,4.94e-322,0.0,164.75413333333333,1335.2458666666666,6.596e-321,0.0,8.7e-322
249.63,5e-324,4.94e-322,0.0,164.75416666666666,1335.2458333333334,6.596e-321,0.0,8.7e-322
249.88,5e-324,4.94e-322,0.0,164.75423333333333,1335.2457666666667,6.596e-321,0.0,8.7e-322
250.13,5e-324,4.94e-322,0.0,164.75423333333333,1335.2457666666667,6.596e-321,0.0,8.7e-322
250.38,5e-324,4.94e-322,0.0,164.75423333333333,1335.2457666666667,6.596e-321,0.0,8.7e-322
250.63,5e-324,4.94e-322,0.0,164.75423333333333,1335.2457666666667,6.596e-321,0.0,8.7e-322
250.88,5e-324,4.94e-322,0.0,164.75423333333333,1335.2457666666667,6.596e-321,0.0,8.7e-322
251.13,5e-324,4.94e-322,0.0,164.75423333333333,1335.2457666666667,6.596e-321,0.0,8.7e-322
251.38,5e-324,4.94e-322,0.0,164.75433333333334,1335.2456666666667,6.596e-321,0.0,8.7e-322
251.63,5e-324,4.94e-322,0.0,164.75433333333334,1335.2456666666667,6.596e-321,0.0,8.7e-322
251.88,5e-324,4.94e-322,0.0,164.75433333333334,1335.2456666666667,6.596e-321,0.0,8.7e-322
252.13,5e-324,4.94e-322,0.0,164.75433333333334,1335.2456666666667,6.596e-321,0.0,8.7e-322
252.38,5e-324,4.94e-322,0.0,164.75433333333334,1335.2456666666667,6.596e-321,0.0,8.7e-322
252.63,5e-324,4.94e-322,0.0,164.75433333333334,1335.2456666666667,6.596e-321,0.0,8.7e-322
252.88,5e-324,4.94e-322,0.0,164.75433333333334,1335.2456666666667,6.596e-321,0.0,8.7e-322
253.13,5e-324,4.94e-322,0.0,164.7544,1335.2456,6.596e-321,0.0,8.7e-322
253.38,5e-324,4.94e-322,0.0,164.75446666666667,1335.2455333333332,6.596e-321,0.0,8.7e-322
253.63,5e-324,4.94e-322,0.0,164.7545,1335.2455,6.596e-321,0.0,8.7e-322
253.88,5e-324,4.94e-322,0.0,164.7545,1335.2455,6.596e-321,0.0,8.7e-322
254.13,5e-324,4.94e-322,0.0,164.75453333333334,1335.2454666666667,6.596e-321,0.0,8.7e-322
254.38,5e-324,4.94e-322,0.0,164.75453333333334,1335.2454666666667,6.596e-321,0.0,8.7e-322
254.63,5e-324,4.94e-322,0.0,164.75453333333334,1335.2454666666667,6.596e-321,0.0,8.7e-322
254.88,5e-324,4.94e-322,0.0,164.75453333333334,1335.2454666666667,6.596e-321,0.0,8.7e-322
255.13,5e-324,4.94e-322,0.0,164.75453333333334,1335.2454666666667,6.596e-321,0.0,8.7e-322
255.38,5e-324,4.94e-322,0.0,164.75453333333334,1335.2454666666667,6.596e-321,0.0,8.7e-322
255.63,5e-324,4.94e-322,0.0,164.75453333333334,1335.2454666666667,6.596e-321,0.0,8.7e-322
255.88,5e-324,4.94e-322,0.0,164.75456666666668,1335.2454333333333,6.596e-321,0.0,8.7e-322
256.13,5e-324,4.94e-322,0.0,164.75456666666668,1335.2454333333333,6.596e-321,0.0,8.7e-322
256.38,5e-324,4.94e-322,0.0,164.7546,1335.2454,6.596e-321,0.0,8.7e-322
256.63,5e-324,4.94e-322,0.0,164.75466666666668,1335.2453333333333,6.596e-321,0.0,8.7e-322
256.88,5e-324,4.94e-322,0.0,164.7547,1335.2453,6.596e-321,0.0,8.7e-322
257.13,5e-324,4.94e-322,0.0,164.75473333333332,1335.2452666666668,6.596e-321,0.0,8.7e-322
257.38,5e-324,4.94e-322,0.0,164.75476666666665,1335.2452333333333,6.596e-321,0.0,8.7e-322
257.63,5e-324,4.94e-322,0.0,164.75476666666665,1335.2452333333333,6.596e-321,0.0,8.7e-322
257.88,5e-324,4.94e-322,0.0,164.7548,1335.2452,6.596e-321,0.0,8.7e-322
258.13,5e-324,4.94e-322,0.0,164.75483333333332,1335.2451666666666,6.596e-321,0.0,8.7e-322
258.38,5e-324,4.94e-322,0.0,164.75486666666666,1335.2451333333333,6.596e-321,0.0,8.7e-322
258.63,5e-324,4.94e-322,0.0,164.7549,1335.2451,6.596e-321,0.0,8.7e-322
258.88,5e-324,4.94e-322,0.0,164.75493333333333,1335.2450666666666,6.596e-321,0.0,8.7e-322
259.13,5e-324,4.94e-322,0.0,164.75493333333333,1335.2450666666666,6.596e-321,0.0,8.7e-322
259.38,5e-324,4.94e-322,0.0,164.75493333333333,1335.2450666666666,6.596e-321,0.0,8.7e-322
259.63,5e-324,4.94e-322,0.0,164.75493333333333,1335.2450666666666,6.596e-321,0.0,8.7e-322
259.88,5e-324,4.94e-322,0.0,164.75496666666666,1335.2450333333334,6.596e-321,0.0,8.7e-322
260.13,5e-324,4.94e-322,0.0,164.75506666666666,1335.2449333333334,6.596e-321,0.0,8.7e-322
260.38,5e-324,4.94e-322,0.0,164.7551,1335.2449,6.596e-321,0.0,8.7e-322
260.63,5e-324,4.94e-322,0.0,164.75513333333333,1335.2448666666667,6.596e-321,0.0,8.7e-322
260.88,5e-324,4.94e-322,0.0,164.75516666666667,1335.2448333333334,6.596e-321,0.0,8.7e-322
261.13,5e-324,4.94e-322,0.0,164.7552,1335.2448,6.596e-321,0.0,8.7e-322
261.38,5e-324,4.94e-322,0.0,164.7552,1335.2448,6.596e-321,0.0,8.7e-322
261.63,5e-324,4.94e-322,0.0,164.7552,1335.2448,6.596e-321,0.0,8.7e-322
261.88,5e-324,4.94e-322,0.0,164.75523333333334,1335.2447666666667,6.596e-321,0.0,8.7e-322
262.13,5e-324,4.94e-322,0.0,164.75523333333334,1335.2447666666667,6.596e-321,0.0,8.7e-322
262.38,5e-324,4.94e-322,0.0,164.75523333333334,1335.2447666666667,6.596e-321,0.0,8.7e-322
262.63,5e-324,4.94e-322,0.0,164.75523333333334,1335.2447666666667,6.596e-321,0.0,8.7e-322
262.88,5e-324,4.94e-322,0.0,164.75523333333334,1335.2447666666667,6.596e-321,0.0,8.7e-322
263.13,5e-324,4.94e-322,0.0,164.75523333333334,1335.2447666666667,6.596e-321,0.0,8.7e-322
263.38,5e-324,4.94e-322,0.0,164.75523333333334,1335.2447666666667,6.596e-321,0.0,8.7e-322
263.63,5e-324,4.94e-322,0.0,164.75526666666667,1335.2447333333334,6.596e-321,0.0,8.7e-322
263.88,5e-324,4.94e-322,0.0,164.7553,1335.2447,6.596e-321,0.0,8.7e-322
264.13,5e-324,4.94e-322,0.0,164.7553,1335.2447,6.596e-321,0.0,8.7e-322
264.38,5e-324,4.94e-322,0.0,164.7553,1335.2447,6.596e-321,0.0,8.7e-322
264.63,5e-324,4.94e-322,0.0,164.7553,1335.2447,6.596e-321,0.0,8.7e-322
264.88,5e-324,4.94e-322,0.0,164.75536666666667,1335.2446333333332,6.596e-321,0.0,8.7e-322
265.13,5e-324,4.94e-322,0.0,164.7554,1335.2446,6.596e-321,0.0,8.7e-322
265.38,5e-324,4.94e-322,0.0,164.75543333333334,1335.2445666666667,6.596e-321,0.0,8.7e-322
265.63,5e-324,4.94e-322,0.0,164.75543333333334,1335.2445666666667,6.596e-321,0.0,8.7e-322
265.88,5e-324,4.94e-322,0.0,164.75543333333334,1335.2445666666667,6.596e-321,0.0,8.7e-322
266.13,5e-324,4.94e-322,0.0,164.75546666666668,1335.2445333333333,6.596e-321,0.0,8.7e-322
266.38,5e-324,4.94e-322,0.0,164.75546666666668,1335.2445333333333,6.596e-321,0.0,8.7e-322
266.63,5e-324,4.94e-322,0.0,164.75546666666668,1335.2445333333333,6.596e-321,0.0,8.7e-322
266.88,5e-324,4.94e-322,0.0,164.75546666666668,1335.2445333333333,6.596e-321,0.0,8.7e-322
267.13,5e-324,4.94e-322,0.0,164.75546666666668,1335.2445333333333,6.596e-321,0.0,8.7e-322
267.38,5e-324,4.94e-322,0.0,164.7555,1335.2445,6.596e-321,0.0,8.7e-322
267.63,5e-324,4.94e-322,0.0,164.75553333333335,1335.2444666666665,6.596e-321,0.0,8.7e-322
267.88,5e-324,4.94e-322,0.0,164.75556666666665,1335.2444333333333,6.596e-321,0.0,8.7e-322
268.13,5e-324,4.94e-322,0.0,164.75556666666665,1335.2444333333333,6.596e-321,0.0,8.7e-322
268.38,5e-324,4.94e-322,0.0,164.75556666666665,1335.2444333333333,6.596e-321,0.0,8.7e-322
268.63,5e-324,4.94e-322,0.0,164.75556666666665,1335.2444333333333,6.596e-321,0.0,8.7e-322
268.88,5e-324,4.94e-322,0.0,164.75556666666665,1335.2444333333333,6.596e-321,0.0,8.7e-322
269.13,5e-324,4.94e-322,0.0,164.75556666666665,1335.2444333333333,6.596e-321,0.0,8.7e-322
269.38,5e-324,4.94e-322,0.0,164.75556666666665,1335.2444333333333,6.596e-321,0.0,8.7e-322
269.63,5e-324,4.94e-322,0.0,164.7556,1335.2444,6.596e-321,0.0,8.7e-322
269.88,5e-324,4.94e-322,0.0,164.7556,1335.2444,6.596e-321,0.0,8.7e-322
270.13,5e-324,4.94e-322,0.0,164.75563333333332,1335.2443666666668,6.596e-321,0.0,8.7e-322
270.38,5e-324,4.94e-322,0.0,164.75566666666666,1335.2443333333333,6.596e-321,0.0,8.7e-322
270.63,5e-324,4.94e-322,0.0,164.75566666666666,1335.2443333333333,6.596e-321,0.0,8.7e-322
270.88,5e-324,4.94e-322,0.0,164.7557,1335.2443,6.596e-321,0.0,8.7e-322
271.13,5e-324,4.94e-322,0.0,164.75573333333332,1335.2442666666666,6.596e-321,0.0,8.7e-322
271.38,5e-324,4.94e-322,0.0,164.75576666666666,1335.2442333333333,6.596e-321,0.0,8.7e-322
271.63,5e-324,4.94e-322,0.0,164.75576666666666,1335.2442333333333,6.596e-321,0.0,8.7e-322
271.88,5e-324,4.94e-322,0.0,164.7558,1335.2442,6.596e-321,0.0,8.7e-322
272.13,5e-324,4.94e-322,0.0,164.7558,1335.2442,6.596e-321,0.0,8.7e-322
272.38,5e-324,4.94e-322,0.0,164.75583333333333,1335.2441666666666,6.596e-321,0.0,8.7e-322
272.63,5e-324,4.94e-322,0.0,164.75583333333333,1335.2441666666666,6.596e-321,0.0,8.7e-322
272.88,5e-324,4.94e-322,0.0,164.75586666666666,1335.2441333333334,6.596e-321,0.0,8.7e-322
273.13,5e-324,4.94e-322,0.0,164.7559,1335.2441,6.596e-321,0.0,8.7e-322
273.38,5e-324,4.94e-322,0.0,164.7559,1335.2441,6.596e-321,0.0,8.7e-322
273.63,5e-324,4.94e-322,0.0,164.7559,1335.2441,6.596e-321,0.0,8.7e-322
273.88,5e-324,4.94e-322,0.0,164.75593333333333,1335.2440666666666,6.596e-321,0.0,8.7e-322
274.13,5e-324,4.94e-322,0.0,164.75596666666667,1335.2440333333334,6.596e-321,0.0,8.7e-322
274.38,5e-324,4.94e-322,0.0,164.75596666666667,1335.2440333333334,6.596e-321,0.0,8.7e-322
274.63,5e-324,4.94e-322,0.0,164.756,1335.244,6.596e-321,0.0,8.7e-322
274.88,5e-324,4.94e-322,0.0,164.75603333333333,1335.2439666666667,6.596e-321,0.0,8.7e-322
275.13,5e-324,4.94e-322,0.0,164.75606666666667,1335.2439333333334,6.596e-321,0.0,8.7e-322
275.38,5e-324,4.94e-322,0.0,164.7561,1335.2439,6.596e-321,0.0,8.7e-322
275.63,5e-324,4.94e-322,0.0,164.75613333333334,1335.2438666666667,6.596e-321,0.0,8.7e-322
275.88,5e-324,4.94e-322,0.0,164.75613333333334,1335.2438666666667,6.596e-321,0.0,8.7e-322
276.13,5e-324,4.94e-322,0.0,164.75613333333334,1335.2438666666667,6.596e-321,0.0,8.7e-322
276.38,5e-324,4.94e-322,0.0,164.75613333333334,1335.2438666666667,6.596e-321,0.0,8.7e-322
276.63,5e-324,4.94e-322,0.0,164.75613333333334,1335.2438666666667,6.596e-321,0.0,8.7e-322
276.88,5e-324,4.94e-322,0.0,164.75616666666667,1335.2438333333334,6.596e-321,0.0,8.7e-322
277.13,5e-324,4.94e-322,0.0,164.7562,1335.2438,6.596e-321,0.0,8.7e-322
277.38,5e-324,4.94e-322,0.0,164.75623333333334,1335.2437666666667,6.596e-321,0.0,8.7e-322
277.63,5e-324,4.94e-322,0.0,164.75623333333334,1335.2437666666667,6.596e-321,0.0,8.7e-322
277.88,5e-324,4.94e-322,0.0,164.75623333333334,1335.2437666666667,6.596e-321,0.0,8.7e-322
278.13,5e-324,4.94e-322,0.0,164.75626666666668,1335.2437333333332,6.596e-321,0.0,8.7e-322
278.38,5e-324,4.94e-322,0.0,164.75626666666668,1335.2437333333332,6.596e-321,0.0,8.7e-322
278.63,5e-324,4.94e-322,0.0,164.7563,1335.2437,6.596e-321,0.0,8.7e-322
278.88,5e-324,4.94e-322,0.0,164.75633333333334,1335.2436666666667,6.596e-321,0.0,8.7e-322
279.13,5e-324,4.94e-322,0.0,164.75636666666668,1335.2436333333333,6.596e-321,0.0,8.7e-322
279.38,5e-324,4.94e-322,0.0,164.75636666666668,1335.2436333333333,6.596e-321,0.0,8.7e-322
279.63,5e-324,4.94e-322,0.0,164.75643333333332,1335.2435666666668,6.596e-321,0.0,8.7e-322
279.88,5e-324,4.94e-322,0.0,164.75646666666665,1335.2435333333333,6.596e-321,0.0,8.7e-322
280.13,5e-324,4.94e-322,0.0,164.75646666666665,1335.2435333333333,6.596e-321,0.0,8.7e-322
280.38,5e-324,4.94e-322,0.0,164.75646666666665,1335.2435333333333,6.596e-321,0.0,8.7e-322
280.63,5e-324,4.94e-322,0.0,164.7565,1335.2435,6.596e-321,0.0,8.7e-322
280.88,5e-324,4.94e-322,0.0,164.7565,1335.2435,6.596e-321,0.0,8.7e-322
281.13,5e-324,4.94e-322,0.0,164.7565,1335.2435,6.596e-321,0.0,8.7e-322
281.38,5e-324,4.94e-322,0.0,164.75653333333332,1335.2434666666668,6.596e-321,0.0,8.7e-322
281.63,5e-324,4.94e-322,0.0,164.75656666666666,1335.2434333333333,6.596e-321,0.0,8.7e-322
281.88,5e-324,4.94e-322,0.0,164.75666666666666,1335.2433333333333,6.596e-321,0.0,8.7e-322
282.13,5e-324,4.94e-322,0.0,164.75666666666666,1335.2433333333333,6.596e-321,0.0,8.7e-322
282.38,5e-324,4.94e-322,0.0,164.75666666666666,1335.2433333333333,6.596e-321,0.0,8.7e-322
282.63,5e-324,4.94e-322,0.0,164.75666666666666,1335.2433333333333,6.596e-321,0.0,8.7e-322
282.88,5e-324,4.94e-322,0.0,164.7567,1335.2433,6.596e-321,0.0,8.7e-322
283.13,5e-324,4.94e-322,0.0,164.7567,1335.2433,6.596e-321,0.0,8.7e-322
283.38,5e-324,4.94e-322,0.0,164.7567,1335.2433,6.596e-321,0.0,8.7e-322
283.63,5e-324,4.94e-322,0.0,164.75673333333333,1335.2432666666666,6.596e-321,0.0,8.7e-322
283.88,5e-324,4.94e-322,0.0,164.75673333333333,1335.2432666666666,6.596e-321,0.0,8.7e-322
284.13,5e-324,4.94e-322,0.0,164.75676666666666,1335.2432333333334,6.596e-321,0.0,8.7e-322
284.38,5e-324,4.94e-322,0.0,164.75676666666666,1335.2432333333334,6.596e-321,0.0,8.7e-322
284.63,5e-324,4.94e-322,0.0,164.75683333333333,1335.2431666666666,6.596e-321,0.0,8.7e-322
284.88,5e-324,4.94e-322,0.0,164.75686666666667,1335.2431333333334,6.596e-321,0.0,8.7e-322
285.13,5e-324,4.94e-322,0.0,164.7569,1335.2431,6.596e-321,0.0,8.7e-322
285.38,5e-324,4.94e-322,0.0,164.7569,1335.2431,6.596e-321,0.0,8.7e-322
285.63,5e-324,4.94e-322,0.0,164.7569,1335.2431,6.596e-321,0.0,8.7e-322
285.88,5e-324,4.94e-322,0.0,164.7569,1335.2431,6.596e-321,0.0,8.7e-322
286.13,5e-324,4.94e-322,0.0,164.75693333333334,1335.2430666666667,6.596e-321,0.0,8.7e-322
286.38,5e-324,4.94e-322,0.0,164.75693333333334,1335.2430666666667,6.596e-321,0.0,8.7e-322
286.63,5e-324,4.94e-322,0.0,164.75696666666667,1335.2430333333334,6.596e-321,0.0,8.7e-322
286.88,5e-324,4.94e-322,0.0,164.757,1335.243,6.596e-321,0.0,8.7e-322
287.13,5e-324,4.94e-322,0.0,164.757,1335.243,6.596e-321,0.0,8.7e-322
287.38,5e-324,4.94e-322,0.0,164.75703333333334,1335.2429666666667,6.596e-321,0.0,8.7e-322
287.63,5e-324,4.94e-322,0.0,164.75703333333334,1335.2429666666667,6.596e-321,0.0,8.7e-322
287.88,5e-324,4.94e-322,0.0,164.75703333333334,1335.2429666666667,6.596e-321,0.0,8.7e-322
288.13,5e-324,4.94e-322,0.0,164.75703333333334,1335.2429666666667,6.596e-321,0.0,8.7e-322
288.38,5e-324,4.94e-322,0.0,164.75703333333334,1335.2429666666667,6.596e-321,0.0,8.7e-322
288.63,5e-324,4.94e-322,0.0,164.75706666666667,1335.2429333333334,6.596e-321,0.0,8.7e-322
288.88,5e-324,4.94e-322,0.0,164.75706666666667,1335.2429333333334,6.596e-321,0.0,8.7e-322
289.13,5e-324,4.94e-322,0.0,164.7571,1335.2429,6.596e-321,0.0,8.7e-322
289.38,5e-324,4.94e-322,0.0,164.75713333333334,1335.2428666666667,6.596e-321,0.0,8.7e-322
289.63,5e-324,4.94e-322,0.0,164.75716666666668,1335.2428333333332,6.596e-321,0.0,8.7e-322
289.88,5e-324,4.94e-322,0.0,164.75716666666668,1335.2428333333332,6.596e-321,0.0,8.7e-322
290.13,5e-324,4.94e-322,0.0,164.75716666666668,1335.2428333333332,6.596e-321,0.0,8.7e-322
290.38,5e-324,4.94e-322,0.0,164.75716666666668,1335.2428333333332,6.596e-321,0.0,8.7e-322
290.63,5e-324,4.94e-322,0.0,164.75716666666668,1335.2428333333332,6.596e-321,0.0,8.7e-322
290.88,5e-324,4.94e-322,0.0,164.7572,1335.2428,6.596e-321,0.0,8.7e-322
291.13,5e-324,4.94e-322,0.0,164.75723333333335,1335.2427666666667,6.596e-321,0.0,8.7e-322
291.38,5e-324,4.94e-322,0.0,164.75723333333335,1335.2427666666667,6.596e-321,0.0,8.7e-322
291.63,5e-324,4.94e-322,0.0,164.75726666666668,1335.2427333333333,6.596e-321,0.0,8.7e-322
291.88,5e-324,4.94e-322,0.0,164.7573,1335.2427,6.596e-321,0.0,8.7e-322
292.13,5e-324,4.94e-322,0.0,164.7573,1335.2427,6.596e-321,0.0,8.7e-322
292.38,5e-324,4.94e-322,0.0,164.7573,1335.2427,6.596e-321,0.0,8.7e-322
292.63,5e-324,4.94e-322,0.0,164.75733333333332,1335.2426666666668,6.596e-321,0.0,8.7e-322
292.88,5e-324,4.94e-322,0.0,164.75733333333332,1335.2426666666668,6.596e-321,0.0,8.7e-322
293.13,5e-324,4.94e-322,0.0,164.7574,1335.2426,6.596e-321,0.0,8.7e-322
293.38,5e-324,4.94e-322,0.0,164.7574,1335.2426,6.596e-321,0.0,8.7e-322
293.63,5e-324,4.94e-322,0.0,164.75743333333332,1335.2425666666668,6.596e-321,0.0,8.7e-322
293.88,5e-324,4.94e-322,0.0,164.75746666666666,1335.2425333333333,6.596e-321,0.0,8.7e-322
294.13,5e-324,4.94e-322,0.0,164.7575,1335.2425,6.596e-321,0.0,8.7e-322
294.38,5e-324,4.94e-322,0.0,164.7575,1335.2425,6.596e-321,0.0,8.7e-322
294.63,5e-324,4.94e-322,0.0,164.75753333333333,1335.2424666666666,6.596e-321,0.0,8.7e-322
294.88,5e-324,4.94e-322,0.0,164.75756666666666,1335.2424333333333,6.596e-321,0.0,8.7e-322
295.13,5e-324,4.94e-322,0.0,164.75756666666666,1335.2424333333333,6.596e-321,0.0,8.7e-322
295.38,5e-324,4.94e-322,0.0,164.75756666666666,1335.2424333333333,6.596e-321,0.0,8.7e-322
295.63,5e-324,4.94e-322,0.0,164.75756666666666,1335.2424333333333,6.596e-321,0.0,8.7e-322
295.88,5e-324,4.94e-322,0.0,164.7576,1335.2424,6.596e-321,0.0,8.7e-322
296.13,5e-324,4.94e-322,0.0,164.75763333333333,1335.2423666666666,6.596e-321,0.0,8.7e-322
296.38,5e-324,4.94e-322,0.0,164.75766666666667,1335.2423333333334,6.596e-321,0.0,8.7e-322
296.63,5e-324,4.94e-322,0.0,164.75766666666667,1335.2423333333334,6.596e-321,0.0,8.7e-322
296.88,5e-324,4.94e-322,0.0,164.7577,1335.2423,6.596e-321,0.0,8.7e-322
297.13,5e-324,4.94e-322,0.0,164.75776666666667,1335.2422333333334,6.596e-321,0.0,8.7e-322
297.38,5e-324,4.94e-322,0.0,164.75776666666667,1335.2422333333334,6.596e-321,0.0,8.7e-322
297.63,5e-324,4.94e-322,0.0,164.75776666666667,1335.2422333333334,6.596e-321,0.0,8.7e-322
297.88,5e-324,4.94e-322,0.0,164.7578,1335.2422,6.596e-321,0.0,8.7e-322
298.13,5e-324,4.94e-322,0.0,164.75786666666667,1335.2421333333334,6.596e-321,0.0,8.7e-322
298.38,5e-324,4.94e-322,0.0,164.75786666666667,1335.2421333333334,6.596e-321,0.0,8.7e-322
298.63,5e-324,4.94e-322,0.0,164.75786666666667,1335.2421333333334,6.596e-321,0.0,8.7e-322
298.88,5e-324,4.94e-322,0.0,164.75793333333334,1335.2420666666667,6.596e-321,0.0,8.7e-322
299.13,5e-324,4.94e-322,0.0,164.758,1335.242,6.596e-321,0.0,8.7e-322
299.38,5e-324,4.94e-322,0.0,164.758,1335.242,6.596e-321,0.0,8.7e-322
299.63,5e-324,4.94e-322,0.0,164.758,1335.242,6.596e-321,0.0,8.7e-322
299.88,5e-324,4.94e-322,0.0,164.758,1335.242,6.596e-321,0.0,8.7e-322
300.13,5e-324,4.94e-322,0.0,164.75803333333334,1335.2419666666667,6.596e-321,0.0,8.7e-322
